[
  {
    "name": "Process Start",
    "start": 1616348140857,
    "end": 1616348142823,
    "duration": 1966,
    "pid": 22856,
    "index": 0
  },
  {
    "name": "Application Start",
    "start": 1616348142824,
    "end": 1616348148816,
    "duration": 5992,
    "pid": 22856,
    "index": 1
  },
  {
    "name": "Load Plugin",
    "start": 1616348142835,
    "end": 1616348142898,
    "duration": 63,
    "pid": 22856,
    "index": 2
  },
  {
    "name": "Load Config",
    "start": 1616348142898,
    "end": 1616348142956,
    "duration": 58,
    "pid": 22856,
    "index": 3
  },
  {
    "name": "Require(0) config/config.default.js",
    "start": 1616348142899,
    "end": 1616348142900,
    "duration": 1,
    "pid": 22856,
    "index": 4
  },
  {
    "name": "Require(1) node_modules/egg-session/config/config.default.js",
    "start": 1616348142903,
    "end": 1616348142904,
    "duration": 1,
    "pid": 22856,
    "index": 5
  },
  {
    "name": "Require(2) node_modules/egg-security/config/config.default.js",
    "start": 1616348142905,
    "end": 1616348142905,
    "duration": 0,
    "pid": 22856,
    "index": 6
  },
  {
    "name": "Require(3) node_modules/egg-jsonp/config/config.default.js",
    "start": 1616348142907,
    "end": 1616348142908,
    "duration": 1,
    "pid": 22856,
    "index": 7
  },
  {
    "name": "Require(4) node_modules/egg-onerror/config/config.default.js",
    "start": 1616348142910,
    "end": 1616348142911,
    "duration": 1,
    "pid": 22856,
    "index": 8
  },
  {
    "name": "Require(5) node_modules/egg-i18n/config/config.default.js",
    "start": 1616348142912,
    "end": 1616348142912,
    "duration": 0,
    "pid": 22856,
    "index": 9
  },
  {
    "name": "Require(6) node_modules/egg-watcher/config/config.default.js",
    "start": 1616348142914,
    "end": 1616348142915,
    "duration": 1,
    "pid": 22856,
    "index": 10
  },
  {
    "name": "Require(7) node_modules/egg-schedule/config/config.default.js",
    "start": 1616348142916,
    "end": 1616348142917,
    "duration": 1,
    "pid": 22856,
    "index": 11
  },
  {
    "name": "Require(8) node_modules/egg-multipart/config/config.default.js",
    "start": 1616348142918,
    "end": 1616348142919,
    "duration": 1,
    "pid": 22856,
    "index": 12
  },
  {
    "name": "Require(9) node_modules/egg-development/config/config.default.js",
    "start": 1616348142920,
    "end": 1616348142921,
    "duration": 1,
    "pid": 22856,
    "index": 13
  },
  {
    "name": "Require(10) node_modules/egg-logrotator/config/config.default.js",
    "start": 1616348142922,
    "end": 1616348142923,
    "duration": 1,
    "pid": 22856,
    "index": 14
  },
  {
    "name": "Require(11) node_modules/egg-static/config/config.default.js",
    "start": 1616348142924,
    "end": 1616348142925,
    "duration": 1,
    "pid": 22856,
    "index": 15
  },
  {
    "name": "Require(12) node_modules/egg-view/config/config.default.js",
    "start": 1616348142926,
    "end": 1616348142927,
    "duration": 1,
    "pid": 22856,
    "index": 16
  },
  {
    "name": "Require(13) node_modules/egg-cors/config/config.default.js",
    "start": 1616348142928,
    "end": 1616348142929,
    "duration": 1,
    "pid": 22856,
    "index": 17
  },
  {
    "name": "Require(14) node_modules/egg-sequelize/config/config.default.js",
    "start": 1616348142929,
    "end": 1616348142931,
    "duration": 2,
    "pid": 22856,
    "index": 18
  },
  {
    "name": "Require(15) node_modules/egg-jwt/config/config.default.js",
    "start": 1616348142932,
    "end": 1616348142932,
    "duration": 0,
    "pid": 22856,
    "index": 19
  },
  {
    "name": "Require(16) node_modules/egg-redis/config/config.default.js",
    "start": 1616348142933,
    "end": 1616348142934,
    "duration": 1,
    "pid": 22856,
    "index": 20
  },
  {
    "name": "Require(17) node_modules/egg-valparams/config/config.default.js",
    "start": 1616348142935,
    "end": 1616348142936,
    "duration": 1,
    "pid": 22856,
    "index": 21
  },
  {
    "name": "Require(18) node_modules/egg-oss/config/config.default.js",
    "start": 1616348142937,
    "end": 1616348142937,
    "duration": 0,
    "pid": 22856,
    "index": 22
  },
  {
    "name": "Require(19) node_modules/egg/config/config.default.js",
    "start": 1616348142938,
    "end": 1616348142939,
    "duration": 1,
    "pid": 22856,
    "index": 23
  },
  {
    "name": "Require(20) config/config.default.js",
    "start": 1616348142941,
    "end": 1616348142941,
    "duration": 0,
    "pid": 22856,
    "index": 24
  },
  {
    "name": "Require(21) node_modules/egg-security/config/config.local.js",
    "start": 1616348142943,
    "end": 1616348142943,
    "duration": 0,
    "pid": 22856,
    "index": 25
  },
  {
    "name": "Require(22) node_modules/egg-watcher/config/config.local.js",
    "start": 1616348142946,
    "end": 1616348142946,
    "duration": 0,
    "pid": 22856,
    "index": 26
  },
  {
    "name": "Require(23) node_modules/egg-view/config/config.local.js",
    "start": 1616348142950,
    "end": 1616348142951,
    "duration": 1,
    "pid": 22856,
    "index": 27
  },
  {
    "name": "Require(24) node_modules/egg/config/config.local.js",
    "start": 1616348142955,
    "end": 1616348142956,
    "duration": 1,
    "pid": 22856,
    "index": 28
  },
  {
    "name": "Load extend/application.js",
    "start": 1616348142958,
    "end": 1616348143470,
    "duration": 512,
    "pid": 22856,
    "index": 29
  },
  {
    "name": "Require(25) node_modules/egg-session/app/extend/application.js",
    "start": 1616348142959,
    "end": 1616348142962,
    "duration": 3,
    "pid": 22856,
    "index": 30
  },
  {
    "name": "Require(26) node_modules/egg-security/app/extend/application.js",
    "start": 1616348142963,
    "end": 1616348142967,
    "duration": 4,
    "pid": 22856,
    "index": 31
  },
  {
    "name": "Require(27) node_modules/egg-jsonp/app/extend/application.js",
    "start": 1616348142968,
    "end": 1616348142973,
    "duration": 5,
    "pid": 22856,
    "index": 32
  },
  {
    "name": "Require(28) node_modules/egg-logrotator/app/extend/application.js",
    "start": 1616348142976,
    "end": 1616348142979,
    "duration": 3,
    "pid": 22856,
    "index": 33
  },
  {
    "name": "Require(29) node_modules/egg-view/app/extend/application.js",
    "start": 1616348142981,
    "end": 1616348143080,
    "duration": 99,
    "pid": 22856,
    "index": 34
  },
  {
    "name": "Require(30) node_modules/egg-jwt/app/extend/application.js",
    "start": 1616348143084,
    "end": 1616348143448,
    "duration": 364,
    "pid": 22856,
    "index": 35
  },
  {
    "name": "Require(31) app/extend/application.js",
    "start": 1616348143452,
    "end": 1616348143453,
    "duration": 1,
    "pid": 22856,
    "index": 36
  },
  {
    "name": "Load extend/request.js",
    "start": 1616348143470,
    "end": 1616348143512,
    "duration": 42,
    "pid": 22856,
    "index": 37
  },
  {
    "name": "Require(32) node_modules/egg/app/extend/request.js",
    "start": 1616348143481,
    "end": 1616348143499,
    "duration": 18,
    "pid": 22856,
    "index": 38
  },
  {
    "name": "Load extend/response.js",
    "start": 1616348143512,
    "end": 1616348143552,
    "duration": 40,
    "pid": 22856,
    "index": 39
  },
  {
    "name": "Require(33) node_modules/egg/app/extend/response.js",
    "start": 1616348143524,
    "end": 1616348143541,
    "duration": 17,
    "pid": 22856,
    "index": 40
  },
  {
    "name": "Load extend/context.js",
    "start": 1616348143552,
    "end": 1616348143717,
    "duration": 165,
    "pid": 22856,
    "index": 41
  },
  {
    "name": "Require(34) node_modules/egg-security/app/extend/context.js",
    "start": 1616348143553,
    "end": 1616348143579,
    "duration": 26,
    "pid": 22856,
    "index": 42
  },
  {
    "name": "Require(35) node_modules/egg-jsonp/app/extend/context.js",
    "start": 1616348143580,
    "end": 1616348143583,
    "duration": 3,
    "pid": 22856,
    "index": 43
  },
  {
    "name": "Require(36) node_modules/egg-i18n/app/extend/context.js",
    "start": 1616348143584,
    "end": 1616348143585,
    "duration": 1,
    "pid": 22856,
    "index": 44
  },
  {
    "name": "Require(37) node_modules/egg-multipart/app/extend/context.js",
    "start": 1616348143588,
    "end": 1616348143663,
    "duration": 75,
    "pid": 22856,
    "index": 45
  },
  {
    "name": "Require(38) node_modules/egg-view/app/extend/context.js",
    "start": 1616348143664,
    "end": 1616348143667,
    "duration": 3,
    "pid": 22856,
    "index": 46
  },
  {
    "name": "Require(39) node_modules/egg-valparams/app/extend/context.js",
    "start": 1616348143670,
    "end": 1616348143698,
    "duration": 28,
    "pid": 22856,
    "index": 47
  },
  {
    "name": "Require(40) node_modules/egg-oss/app/extend/context.js",
    "start": 1616348143700,
    "end": 1616348143701,
    "duration": 1,
    "pid": 22856,
    "index": 48
  },
  {
    "name": "Require(41) node_modules/egg/app/extend/context.js",
    "start": 1616348143702,
    "end": 1616348143703,
    "duration": 1,
    "pid": 22856,
    "index": 49
  },
  {
    "name": "Require(42) app/extend/context.js",
    "start": 1616348143704,
    "end": 1616348143705,
    "duration": 1,
    "pid": 22856,
    "index": 50
  },
  {
    "name": "Load extend/helper.js",
    "start": 1616348143719,
    "end": 1616348143927,
    "duration": 208,
    "pid": 22856,
    "index": 51
  },
  {
    "name": "Require(43) node_modules/egg-security/app/extend/helper.js",
    "start": 1616348143720,
    "end": 1616348143891,
    "duration": 171,
    "pid": 22856,
    "index": 52
  },
  {
    "name": "Require(44) node_modules/egg/app/extend/helper.js",
    "start": 1616348143899,
    "end": 1616348143913,
    "duration": 14,
    "pid": 22856,
    "index": 53
  },
  {
    "name": "Load app.js",
    "start": 1616348143928,
    "end": 1616348145263,
    "duration": 1335,
    "pid": 22856,
    "index": 54
  },
  {
    "name": "Require(45) node_modules/egg-session/app.js",
    "start": 1616348143929,
    "end": 1616348143930,
    "duration": 1,
    "pid": 22856,
    "index": 55
  },
  {
    "name": "Require(46) node_modules/egg-security/app.js",
    "start": 1616348143932,
    "end": 1616348143939,
    "duration": 7,
    "pid": 22856,
    "index": 56
  },
  {
    "name": "Require(47) node_modules/egg-onerror/app.js",
    "start": 1616348143941,
    "end": 1616348144024,
    "duration": 83,
    "pid": 22856,
    "index": 57
  },
  {
    "name": "Require(48) node_modules/egg-i18n/app.js",
    "start": 1616348144025,
    "end": 1616348144131,
    "duration": 106,
    "pid": 22856,
    "index": 58
  },
  {
    "name": "Require(49) node_modules/egg-watcher/app.js",
    "start": 1616348144132,
    "end": 1616348144139,
    "duration": 7,
    "pid": 22856,
    "index": 59
  },
  {
    "name": "Require(50) node_modules/egg-schedule/app.js",
    "start": 1616348144139,
    "end": 1616348144144,
    "duration": 5,
    "pid": 22856,
    "index": 60
  },
  {
    "name": "Require(51) node_modules/egg-multipart/app.js",
    "start": 1616348144145,
    "end": 1616348144146,
    "duration": 1,
    "pid": 22856,
    "index": 61
  },
  {
    "name": "Require(52) node_modules/egg-development/app.js",
    "start": 1616348144147,
    "end": 1616348144148,
    "duration": 1,
    "pid": 22856,
    "index": 62
  },
  {
    "name": "Require(53) node_modules/egg-logrotator/app.js",
    "start": 1616348144148,
    "end": 1616348144149,
    "duration": 1,
    "pid": 22856,
    "index": 63
  },
  {
    "name": "Require(54) node_modules/egg-static/app.js",
    "start": 1616348144150,
    "end": 1616348144151,
    "duration": 1,
    "pid": 22856,
    "index": 64
  },
  {
    "name": "Require(55) node_modules/egg-cors/app.js",
    "start": 1616348144153,
    "end": 1616348144156,
    "duration": 3,
    "pid": 22856,
    "index": 65
  },
  {
    "name": "Require(56) node_modules/egg-sequelize/app.js",
    "start": 1616348144157,
    "end": 1616348144157,
    "duration": 0,
    "pid": 22856,
    "index": 66
  },
  {
    "name": "Require(57) node_modules/egg-jwt/app.js",
    "start": 1616348144158,
    "end": 1616348144159,
    "duration": 1,
    "pid": 22856,
    "index": 67
  },
  {
    "name": "Require(58) node_modules/egg-redis/app.js",
    "start": 1616348144159,
    "end": 1616348144162,
    "duration": 3,
    "pid": 22856,
    "index": 68
  },
  {
    "name": "Require(59) node_modules/egg-valparams/app.js",
    "start": 1616348144163,
    "end": 1616348144958,
    "duration": 795,
    "pid": 22856,
    "index": 69
  },
  {
    "name": "Require(60) node_modules/egg-oss/app.js",
    "start": 1616348144959,
    "end": 1616348145261,
    "duration": 302,
    "pid": 22856,
    "index": 70
  },
  {
    "name": "Before Start in node_modules/egg-watcher/lib/init.js:15:14",
    "start": 1616348146256,
    "end": 1616348148796,
    "duration": 2540,
    "pid": 22856,
    "index": 71
  },
  {
    "name": "Load \"Symbol(model)\" to Application",
    "start": 1616348146498,
    "end": 1616348146581,
    "duration": 83,
    "pid": 22856,
    "index": 72
  },
  {
    "name": "Before Start in node_modules/egg-sequelize/lib/loader.js:39:7",
    "start": 1616348146600,
    "end": 1616348148816,
    "duration": 2216,
    "pid": 22856,
    "index": 73
  },
  {
    "name": "Before Start in node_modules/egg-redis/lib/redis.js:53:7",
    "start": 1616348147783,
    "end": 1616348148759,
    "duration": 976,
    "pid": 22856,
    "index": 74
  },
  {
    "name": "Load Service",
    "start": 1616348147791,
    "end": 1616348147825,
    "duration": 34,
    "pid": 22856,
    "index": 75
  },
  {
    "name": "Load \"service\" to Context",
    "start": 1616348147792,
    "end": 1616348147825,
    "duration": 33,
    "pid": 22856,
    "index": 76
  },
  {
    "name": "Load Middleware",
    "start": 1616348147825,
    "end": 1616348148281,
    "duration": 456,
    "pid": 22856,
    "index": 77
  },
  {
    "name": "Load \"middlewares\" to Application",
    "start": 1616348147826,
    "end": 1616348148252,
    "duration": 426,
    "pid": 22856,
    "index": 78
  },
  {
    "name": "Load Controller",
    "start": 1616348148281,
    "end": 1616348148720,
    "duration": 439,
    "pid": 22856,
    "index": 79
  },
  {
    "name": "Load \"controller\" to Application",
    "start": 1616348148281,
    "end": 1616348148720,
    "duration": 439,
    "pid": 22856,
    "index": 80
  },
  {
    "name": "Load Router",
    "start": 1616348148720,
    "end": 1616348148725,
    "duration": 5,
    "pid": 22856,
    "index": 81
  },
  {
    "name": "Require(61) app/router.js",
    "start": 1616348148721,
    "end": 1616348148722,
    "duration": 1,
    "pid": 22856,
    "index": 82
  },
  {
    "name": "Before Start in node_modules/egg-core/lib/egg.js:303:10",
    "start": 1616348148722,
    "end": 1616348148745,
    "duration": 23,
    "pid": 22856,
    "index": 83
  }
]