[
  {
    "name": null,
    "methods": [
      "POST"
    ],
    "paramNames": [],
    "path": "/user/reg",
    "regexp": "/^\\/user\\/reg(?:\\/(?=$))?$/",
    "stack": [
      "wrappedController"
    ]
  },
  {
    "name": null,
    "methods": [
      "POST"
    ],
    "paramNames": [],
    "path": "/user/login",
    "regexp": "/^\\/user\\/login(?:\\/(?=$))?$/",
    "stack": [
      "wrappedController"
    ]
  },
  {
    "name": null,
    "methods": [
      "HEAD",
      "GET"
    ],
    "paramNames": [],
    "path": "/admin/user/info",
    "regexp": "/^\\/admin\\/user\\/info(?:\\/(?=$))?$/",
    "stack": [
      "wrappedController"
    ]
  },
  {
    "name": null,
    "methods": [
      "POST"
    ],
    "paramNames": [],
    "path": "/admin/user/logout",
    "regexp": "/^\\/admin\\/user\\/logout(?:\\/(?=$))?$/",
    "stack": [
      "wrappedController"
    ]
  },
  {
    "name": null,
    "methods": [
      "HEAD",
      "GET"
    ],
    "paramNames": [],
    "path": "/admin/school",
    "regexp": "/^\\/admin\\/school(?:\\/(?=$))?$/",
    "stack": [
      "wrappedController"
    ]
  },
  {
    "name": null,
    "methods": [
      "POST"
    ],
    "paramNames": [],
    "path": "/admin/school/save",
    "regexp": "/^\\/admin\\/school\\/save(?:\\/(?=$))?$/",
    "stack": [
      "wrappedController"
    ]
  },
  {
    "name": null,
    "methods": [
      "POST"
    ],
    "paramNames": [],
    "path": "/admin/school/update",
    "regexp": "/^\\/admin\\/school\\/update(?:\\/(?=$))?$/",
    "stack": [
      "wrappedController"
    ]
  },
  {
    "name": null,
    "methods": [
      "POST"
    ],
    "paramNames": [],
    "path": "/admin/s/school/update",
    "regexp": "/^\\/admin\\/s\\/school\\/update(?:\\/(?=$))?$/",
    "stack": [
      "wrappedController"
    ]
  },
  {
    "name": null,
    "methods": [
      "HEAD",
      "GET"
    ],
    "paramNames": [],
    "path": "/admin/s/school/read",
    "regexp": "/^\\/admin\\/s\\/school\\/read(?:\\/(?=$))?$/",
    "stack": [
      "wrappedController"
    ]
  },
  {
    "name": null,
    "methods": [
      "HEAD",
      "GET"
    ],
    "paramNames": [],
    "path": "/admin/role",
    "regexp": "/^\\/admin\\/role(?:\\/(?=$))?$/",
    "stack": [
      "wrappedController"
    ]
  },
  {
    "name": null,
    "methods": [
      "HEAD",
      "GET"
    ],
    "paramNames": [],
    "path": "/admin/role/read",
    "regexp": "/^\\/admin\\/role\\/read(?:\\/(?=$))?$/",
    "stack": [
      "wrappedController"
    ]
  },
  {
    "name": null,
    "methods": [
      "POST"
    ],
    "paramNames": [],
    "path": "/admin/role/save",
    "regexp": "/^\\/admin\\/role\\/save(?:\\/(?=$))?$/",
    "stack": [
      "wrappedController"
    ]
  },
  {
    "name": null,
    "methods": [
      "POST"
    ],
    "paramNames": [],
    "path": "/admin/role/update",
    "regexp": "/^\\/admin\\/role\\/update(?:\\/(?=$))?$/",
    "stack": [
      "wrappedController"
    ]
  },
  {
    "name": null,
    "methods": [
      "POST"
    ],
    "paramNames": [],
    "path": "/admin/role/delete",
    "regexp": "/^\\/admin\\/role\\/delete(?:\\/(?=$))?$/",
    "stack": [
      "wrappedController"
    ]
  },
  {
    "name": null,
    "methods": [
      "POST"
    ],
    "paramNames": [],
    "path": "/admin/role/setrules",
    "regexp": "/^\\/admin\\/role\\/setrules(?:\\/(?=$))?$/",
    "stack": [
      "wrappedController"
    ]
  },
  {
    "name": null,
    "methods": [
      "HEAD",
      "GET"
    ],
    "paramNames": [],
    "path": "/admin/access",
    "regexp": "/^\\/admin\\/access(?:\\/(?=$))?$/",
    "stack": [
      "wrappedController"
    ]
  },
  {
    "name": null,
    "methods": [
      "POST"
    ],
    "paramNames": [],
    "path": "/admin/access/save",
    "regexp": "/^\\/admin\\/access\\/save(?:\\/(?=$))?$/",
    "stack": [
      "wrappedController"
    ]
  },
  {
    "name": null,
    "methods": [
      "POST"
    ],
    "paramNames": [],
    "path": "/admin/access/update",
    "regexp": "/^\\/admin\\/access\\/update(?:\\/(?=$))?$/",
    "stack": [
      "wrappedController"
    ]
  },
  {
    "name": null,
    "methods": [
      "HEAD",
      "GET"
    ],
    "paramNames": [],
    "path": "/admin/s/schoolstaff",
    "regexp": "/^\\/admin\\/s\\/schoolstaff(?:\\/(?=$))?$/",
    "stack": [
      "wrappedController"
    ]
  },
  {
    "name": null,
    "methods": [
      "POST"
    ],
    "paramNames": [],
    "path": "/admin/s/schoolstaff/save",
    "regexp": "/^\\/admin\\/s\\/schoolstaff\\/save(?:\\/(?=$))?$/",
    "stack": [
      "wrappedController"
    ]
  },
  {
    "name": null,
    "methods": [
      "POST"
    ],
    "paramNames": [],
    "path": "/admin/s/schoolstaff/setroles",
    "regexp": "/^\\/admin\\/s\\/schoolstaff\\/setroles(?:\\/(?=$))?$/",
    "stack": [
      "wrappedController"
    ]
  },
  {
    "name": null,
    "methods": [
      "HEAD",
      "GET"
    ],
    "paramNames": [],
    "path": "/admin/s/schoolstaff/accesses",
    "regexp": "/^\\/admin\\/s\\/schoolstaff\\/accesses(?:\\/(?=$))?$/",
    "stack": [
      "wrappedController"
    ]
  },
  {
    "name": null,
    "methods": [
      "POST"
    ],
    "paramNames": [],
    "path": "/admin/s/schoolstaff/delete",
    "regexp": "/^\\/admin\\/s\\/schoolstaff\\/delete(?:\\/(?=$))?$/",
    "stack": [
      "wrappedController"
    ]
  },
  {
    "name": null,
    "methods": [
      "HEAD",
      "GET"
    ],
    "paramNames": [],
    "path": "/admin/s/course",
    "regexp": "/^\\/admin\\/s\\/course(?:\\/(?=$))?$/",
    "stack": [
      "wrappedController"
    ]
  },
  {
    "name": null,
    "methods": [
      "POST"
    ],
    "paramNames": [],
    "path": "/admin/s/course/save",
    "regexp": "/^\\/admin\\/s\\/course\\/save(?:\\/(?=$))?$/",
    "stack": [
      "wrappedController"
    ]
  },
  {
    "name": null,
    "methods": [
      "POST"
    ],
    "paramNames": [],
    "path": "/admin/s/course/update",
    "regexp": "/^\\/admin\\/s\\/course\\/update(?:\\/(?=$))?$/",
    "stack": [
      "wrappedController"
    ]
  },
  {
    "name": null,
    "methods": [
      "POST"
    ],
    "paramNames": [],
    "path": "/admin/s/course/delete",
    "regexp": "/^\\/admin\\/s\\/course\\/delete(?:\\/(?=$))?$/",
    "stack": [
      "wrappedController"
    ]
  },
  {
    "name": null,
    "methods": [
      "POST"
    ],
    "paramNames": [],
    "path": "/admin/s/course/updatestatus",
    "regexp": "/^\\/admin\\/s\\/course\\/updatestatus(?:\\/(?=$))?$/",
    "stack": [
      "wrappedController"
    ]
  },
  {
    "name": null,
    "methods": [
      "HEAD",
      "GET"
    ],
    "paramNames": [],
    "path": "/admin/s/column",
    "regexp": "/^\\/admin\\/s\\/column(?:\\/(?=$))?$/",
    "stack": [
      "wrappedController"
    ]
  },
  {
    "name": null,
    "methods": [
      "HEAD",
      "GET"
    ],
    "paramNames": [],
    "path": "/admin/s/column/read",
    "regexp": "/^\\/admin\\/s\\/column\\/read(?:\\/(?=$))?$/",
    "stack": [
      "wrappedController"
    ]
  },
  {
    "name": null,
    "methods": [
      "POST"
    ],
    "paramNames": [],
    "path": "/admin/s/column/save",
    "regexp": "/^\\/admin\\/s\\/column\\/save(?:\\/(?=$))?$/",
    "stack": [
      "wrappedController"
    ]
  },
  {
    "name": null,
    "methods": [
      "POST"
    ],
    "paramNames": [],
    "path": "/admin/s/column/update",
    "regexp": "/^\\/admin\\/s\\/column\\/update(?:\\/(?=$))?$/",
    "stack": [
      "wrappedController"
    ]
  },
  {
    "name": null,
    "methods": [
      "POST"
    ],
    "paramNames": [],
    "path": "/admin/s/column/delete",
    "regexp": "/^\\/admin\\/s\\/column\\/delete(?:\\/(?=$))?$/",
    "stack": [
      "wrappedController"
    ]
  },
  {
    "name": null,
    "methods": [
      "POST"
    ],
    "paramNames": [],
    "path": "/admin/s/column/updatestatus",
    "regexp": "/^\\/admin\\/s\\/column\\/updatestatus(?:\\/(?=$))?$/",
    "stack": [
      "wrappedController"
    ]
  },
  {
    "name": null,
    "methods": [
      "POST"
    ],
    "paramNames": [],
    "path": "/admin/s/column/updateend",
    "regexp": "/^\\/admin\\/s\\/column\\/updateend(?:\\/(?=$))?$/",
    "stack": [
      "wrappedController"
    ]
  },
  {
    "name": null,
    "methods": [
      "HEAD",
      "GET"
    ],
    "paramNames": [],
    "path": "/admin/s/column_course",
    "regexp": "/^\\/admin\\/s\\/column_course(?:\\/(?=$))?$/",
    "stack": [
      "wrappedController"
    ]
  },
  {
    "name": null,
    "methods": [
      "POST"
    ],
    "paramNames": [],
    "path": "/admin/s/column_course/save",
    "regexp": "/^\\/admin\\/s\\/column_course\\/save(?:\\/(?=$))?$/",
    "stack": [
      "wrappedController"
    ]
  },
  {
    "name": null,
    "methods": [
      "POST"
    ],
    "paramNames": [],
    "path": "/admin/s/column_course/sort",
    "regexp": "/^\\/admin\\/s\\/column_course\\/sort(?:\\/(?=$))?$/",
    "stack": [
      "wrappedController"
    ]
  },
  {
    "name": null,
    "methods": [
      "POST"
    ],
    "paramNames": [],
    "path": "/admin/s/column_course/delete",
    "regexp": "/^\\/admin\\/s\\/column_course\\/delete(?:\\/(?=$))?$/",
    "stack": [
      "wrappedController"
    ]
  },
  {
    "name": null,
    "methods": [
      "HEAD",
      "GET"
    ],
    "paramNames": [],
    "path": "/admin/s/school_user",
    "regexp": "/^\\/admin\\/s\\/school_user(?:\\/(?=$))?$/",
    "stack": [
      "wrappedController"
    ]
  },
  {
    "name": null,
    "methods": [
      "HEAD",
      "GET"
    ],
    "paramNames": [],
    "path": "/admin/s/school_user/read",
    "regexp": "/^\\/admin\\/s\\/school_user\\/read(?:\\/(?=$))?$/",
    "stack": [
      "wrappedController"
    ]
  },
  {
    "name": null,
    "methods": [
      "POST"
    ],
    "paramNames": [],
    "path": "/admin/s/school_user/updateaccess",
    "regexp": "/^\\/admin\\/s\\/school_user\\/updateaccess(?:\\/(?=$))?$/",
    "stack": [
      "wrappedController"
    ]
  },
  {
    "name": null,
    "methods": [
      "POST"
    ],
    "paramNames": [],
    "path": "/admin/s/school_user/updatecomment",
    "regexp": "/^\\/admin\\/s\\/school_user\\/updatecomment(?:\\/(?=$))?$/",
    "stack": [
      "wrappedController"
    ]
  },
  {
    "name": null,
    "methods": [
      "HEAD",
      "GET"
    ],
    "paramNames": [],
    "path": "/admin/s/order_item",
    "regexp": "/^\\/admin\\/s\\/order_item(?:\\/(?=$))?$/",
    "stack": [
      "wrappedController"
    ]
  },
  {
    "name": null,
    "methods": [
      "HEAD",
      "GET"
    ],
    "paramNames": [],
    "path": "/admin/s/order",
    "regexp": "/^\\/admin\\/s\\/order(?:\\/(?=$))?$/",
    "stack": [
      "wrappedController"
    ]
  },
  {
    "name": null,
    "methods": [
      "POST"
    ],
    "paramNames": [],
    "path": "/admin/s/order/delete",
    "regexp": "/^\\/admin\\/s\\/order\\/delete(?:\\/(?=$))?$/",
    "stack": [
      "wrappedController"
    ]
  },
  {
    "name": null,
    "methods": [
      "HEAD",
      "GET"
    ],
    "paramNames": [],
    "path": "/admin/s/user_history",
    "regexp": "/^\\/admin\\/s\\/user_history(?:\\/(?=$))?$/",
    "stack": [
      "wrappedController"
    ]
  },
  {
    "name": null,
    "methods": [
      "HEAD",
      "GET"
    ],
    "paramNames": [],
    "path": "/admin/s/cash",
    "regexp": "/^\\/admin\\/s\\/cash(?:\\/(?=$))?$/",
    "stack": [
      "wrappedController"
    ]
  },
  {
    "name": null,
    "methods": [
      "POST"
    ],
    "paramNames": [],
    "path": "/admin/s/cash/save",
    "regexp": "/^\\/admin\\/s\\/cash\\/save(?:\\/(?=$))?$/",
    "stack": [
      "wrappedController"
    ]
  },
  {
    "name": null,
    "methods": [
      "POST"
    ],
    "paramNames": [],
    "path": "/admin/s/cash/update",
    "regexp": "/^\\/admin\\/s\\/cash\\/update(?:\\/(?=$))?$/",
    "stack": [
      "wrappedController"
    ]
  },
  {
    "name": null,
    "methods": [
      "POST"
    ],
    "paramNames": [],
    "path": "/admin/s/cash/delete",
    "regexp": "/^\\/admin\\/s\\/cash\\/delete(?:\\/(?=$))?$/",
    "stack": [
      "wrappedController"
    ]
  },
  {
    "name": null,
    "methods": [
      "HEAD",
      "GET"
    ],
    "paramNames": [],
    "path": "/admin/s/cashconfirm",
    "regexp": "/^\\/admin\\/s\\/cashconfirm(?:\\/(?=$))?$/",
    "stack": [
      "wrappedController"
    ]
  },
  {
    "name": null,
    "methods": [
      "POST"
    ],
    "paramNames": [],
    "path": "/admin/s/cashconfirm/save",
    "regexp": "/^\\/admin\\/s\\/cashconfirm\\/save(?:\\/(?=$))?$/",
    "stack": [
      "wrappedController"
    ]
  },
  {
    "name": null,
    "methods": [
      "HEAD",
      "GET"
    ],
    "paramNames": [],
    "path": "/admin/s/group",
    "regexp": "/^\\/admin\\/s\\/group(?:\\/(?=$))?$/",
    "stack": [
      "wrappedController"
    ]
  },
  {
    "name": null,
    "methods": [
      "POST"
    ],
    "paramNames": [],
    "path": "/admin/s/group/save",
    "regexp": "/^\\/admin\\/s\\/group\\/save(?:\\/(?=$))?$/",
    "stack": [
      "wrappedController"
    ]
  },
  {
    "name": null,
    "methods": [
      "POST"
    ],
    "paramNames": [],
    "path": "/admin/s/group/update",
    "regexp": "/^\\/admin\\/s\\/group\\/update(?:\\/(?=$))?$/",
    "stack": [
      "wrappedController"
    ]
  },
  {
    "name": null,
    "methods": [
      "POST"
    ],
    "paramNames": [],
    "path": "/admin/s/group/updatestatus",
    "regexp": "/^\\/admin\\/s\\/group\\/updatestatus(?:\\/(?=$))?$/",
    "stack": [
      "wrappedController"
    ]
  },
  {
    "name": null,
    "methods": [
      "HEAD",
      "GET"
    ],
    "paramNames": [],
    "path": "/admin/s/flashsale",
    "regexp": "/^\\/admin\\/s\\/flashsale(?:\\/(?=$))?$/",
    "stack": [
      "wrappedController"
    ]
  },
  {
    "name": null,
    "methods": [
      "POST"
    ],
    "paramNames": [],
    "path": "/admin/s/flashsale/save",
    "regexp": "/^\\/admin\\/s\\/flashsale\\/save(?:\\/(?=$))?$/",
    "stack": [
      "wrappedController"
    ]
  },
  {
    "name": null,
    "methods": [
      "POST"
    ],
    "paramNames": [],
    "path": "/admin/s/flashsale/update",
    "regexp": "/^\\/admin\\/s\\/flashsale\\/update(?:\\/(?=$))?$/",
    "stack": [
      "wrappedController"
    ]
  },
  {
    "name": null,
    "methods": [
      "POST"
    ],
    "paramNames": [],
    "path": "/admin/s/flashsale/updatestatus",
    "regexp": "/^\\/admin\\/s\\/flashsale\\/updatestatus(?:\\/(?=$))?$/",
    "stack": [
      "wrappedController"
    ]
  },
  {
    "name": null,
    "methods": [
      "HEAD",
      "GET"
    ],
    "paramNames": [],
    "path": "/admin/s/coupon",
    "regexp": "/^\\/admin\\/s\\/coupon(?:\\/(?=$))?$/",
    "stack": [
      "wrappedController"
    ]
  },
  {
    "name": null,
    "methods": [
      "POST"
    ],
    "paramNames": [],
    "path": "/admin/s/coupon/save",
    "regexp": "/^\\/admin\\/s\\/coupon\\/save(?:\\/(?=$))?$/",
    "stack": [
      "wrappedController"
    ]
  },
  {
    "name": null,
    "methods": [
      "POST"
    ],
    "paramNames": [],
    "path": "/admin/s/coupon/update",
    "regexp": "/^\\/admin\\/s\\/coupon\\/update(?:\\/(?=$))?$/",
    "stack": [
      "wrappedController"
    ]
  },
  {
    "name": null,
    "methods": [
      "POST"
    ],
    "paramNames": [],
    "path": "/admin/s/coupon/updatestatus",
    "regexp": "/^\\/admin\\/s\\/coupon\\/updatestatus(?:\\/(?=$))?$/",
    "stack": [
      "wrappedController"
    ]
  },
  {
    "name": null,
    "methods": [
      "HEAD",
      "GET"
    ],
    "paramNames": [],
    "path": "/admin/s/bbs",
    "regexp": "/^\\/admin\\/s\\/bbs(?:\\/(?=$))?$/",
    "stack": [
      "wrappedController"
    ]
  },
  {
    "name": null,
    "methods": [
      "POST"
    ],
    "paramNames": [],
    "path": "/admin/s/bbs/save",
    "regexp": "/^\\/admin\\/s\\/bbs\\/save(?:\\/(?=$))?$/",
    "stack": [
      "wrappedController"
    ]
  },
  {
    "name": null,
    "methods": [
      "POST"
    ],
    "paramNames": [],
    "path": "/admin/s/bbs/update",
    "regexp": "/^\\/admin\\/s\\/bbs\\/update(?:\\/(?=$))?$/",
    "stack": [
      "wrappedController"
    ]
  },
  {
    "name": null,
    "methods": [
      "POST"
    ],
    "paramNames": [],
    "path": "/admin/s/bbs/updatestatus",
    "regexp": "/^\\/admin\\/s\\/bbs\\/updatestatus(?:\\/(?=$))?$/",
    "stack": [
      "wrappedController"
    ]
  },
  {
    "name": null,
    "methods": [
      "POST"
    ],
    "paramNames": [],
    "path": "/admin/s/bbs/delete",
    "regexp": "/^\\/admin\\/s\\/bbs\\/delete(?:\\/(?=$))?$/",
    "stack": [
      "wrappedController"
    ]
  },
  {
    "name": null,
    "methods": [
      "POST"
    ],
    "paramNames": [],
    "path": "/admin/s/bbs/setmanagers",
    "regexp": "/^\\/admin\\/s\\/bbs\\/setmanagers(?:\\/(?=$))?$/",
    "stack": [
      "wrappedController"
    ]
  },
  {
    "name": null,
    "methods": [
      "HEAD",
      "GET"
    ],
    "paramNames": [],
    "path": "/admin/s/post",
    "regexp": "/^\\/admin\\/s\\/post(?:\\/(?=$))?$/",
    "stack": [
      "wrappedController"
    ]
  },
  {
    "name": null,
    "methods": [
      "POST"
    ],
    "paramNames": [],
    "path": "/admin/s/post/updateistop",
    "regexp": "/^\\/admin\\/s\\/post\\/updateistop(?:\\/(?=$))?$/",
    "stack": [
      "wrappedController"
    ]
  },
  {
    "name": null,
    "methods": [
      "POST"
    ],
    "paramNames": [],
    "path": "/admin/s/post/delete",
    "regexp": "/^\\/admin\\/s\\/post\\/delete(?:\\/(?=$))?$/",
    "stack": [
      "wrappedController"
    ]
  },
  {
    "name": null,
    "methods": [
      "HEAD",
      "GET"
    ],
    "paramNames": [],
    "path": "/admin/s/post_comment",
    "regexp": "/^\\/admin\\/s\\/post_comment(?:\\/(?=$))?$/",
    "stack": [
      "wrappedController"
    ]
  },
  {
    "name": null,
    "methods": [
      "POST"
    ],
    "paramNames": [],
    "path": "/admin/s/post_comment/delete",
    "regexp": "/^\\/admin\\/s\\/post_comment\\/delete(?:\\/(?=$))?$/",
    "stack": [
      "wrappedController"
    ]
  },
  {
    "name": null,
    "methods": [
      "HEAD",
      "GET"
    ],
    "paramNames": [],
    "path": "/admin/s/question",
    "regexp": "/^\\/admin\\/s\\/question(?:\\/(?=$))?$/",
    "stack": [
      "wrappedController"
    ]
  },
  {
    "name": null,
    "methods": [
      "POST"
    ],
    "paramNames": [],
    "path": "/admin/s/question/save",
    "regexp": "/^\\/admin\\/s\\/question\\/save(?:\\/(?=$))?$/",
    "stack": [
      "wrappedController"
    ]
  },
  {
    "name": null,
    "methods": [
      "POST"
    ],
    "paramNames": [],
    "path": "/admin/s/question/update",
    "regexp": "/^\\/admin\\/s\\/question\\/update(?:\\/(?=$))?$/",
    "stack": [
      "wrappedController"
    ]
  },
  {
    "name": null,
    "methods": [
      "POST"
    ],
    "paramNames": [],
    "path": "/admin/s/question/delete",
    "regexp": "/^\\/admin\\/s\\/question\\/delete(?:\\/(?=$))?$/",
    "stack": [
      "wrappedController"
    ]
  },
  {
    "name": null,
    "methods": [
      "HEAD",
      "GET"
    ],
    "paramNames": [],
    "path": "/admin/s/testpaper",
    "regexp": "/^\\/admin\\/s\\/testpaper(?:\\/(?=$))?$/",
    "stack": [
      "wrappedController"
    ]
  },
  {
    "name": null,
    "methods": [
      "HEAD",
      "GET"
    ],
    "paramNames": [],
    "path": "/admin/s/testpaper/read",
    "regexp": "/^\\/admin\\/s\\/testpaper\\/read(?:\\/(?=$))?$/",
    "stack": [
      "wrappedController"
    ]
  },
  {
    "name": null,
    "methods": [
      "POST"
    ],
    "paramNames": [],
    "path": "/admin/s/testpaper/save",
    "regexp": "/^\\/admin\\/s\\/testpaper\\/save(?:\\/(?=$))?$/",
    "stack": [
      "wrappedController"
    ]
  },
  {
    "name": null,
    "methods": [
      "POST"
    ],
    "paramNames": [],
    "path": "/admin/s/testpaper/update",
    "regexp": "/^\\/admin\\/s\\/testpaper\\/update(?:\\/(?=$))?$/",
    "stack": [
      "wrappedController"
    ]
  },
  {
    "name": null,
    "methods": [
      "POST"
    ],
    "paramNames": [],
    "path": "/admin/s/testpaper/delete",
    "regexp": "/^\\/admin\\/s\\/testpaper\\/delete(?:\\/(?=$))?$/",
    "stack": [
      "wrappedController"
    ]
  },
  {
    "name": null,
    "methods": [
      "HEAD",
      "GET"
    ],
    "paramNames": [],
    "path": "/admin/s/user_test",
    "regexp": "/^\\/admin\\/s\\/user_test(?:\\/(?=$))?$/",
    "stack": [
      "wrappedController"
    ]
  },
  {
    "name": null,
    "methods": [
      "POST"
    ],
    "paramNames": [],
    "path": "/admin/s/user_test/delete",
    "regexp": "/^\\/admin\\/s\\/user_test\\/delete(?:\\/(?=$))?$/",
    "stack": [
      "wrappedController"
    ]
  },
  {
    "name": null,
    "methods": [
      "POST"
    ],
    "paramNames": [],
    "path": "/admin/s/user_test/update_readstatus",
    "regexp": "/^\\/admin\\/s\\/user_test\\/update_readstatus(?:\\/(?=$))?$/",
    "stack": [
      "wrappedController"
    ]
  },
  {
    "name": null,
    "methods": [
      "HEAD",
      "GET"
    ],
    "paramNames": [],
    "path": "/admin/s/user_test/read",
    "regexp": "/^\\/admin\\/s\\/user_test\\/read(?:\\/(?=$))?$/",
    "stack": [
      "wrappedController"
    ]
  },
  {
    "name": null,
    "methods": [
      "HEAD",
      "GET"
    ],
    "paramNames": [],
    "path": "/admin/s/book",
    "regexp": "/^\\/admin\\/s\\/book(?:\\/(?=$))?$/",
    "stack": [
      "wrappedController"
    ]
  },
  {
    "name": null,
    "methods": [
      "HEAD",
      "GET"
    ],
    "paramNames": [],
    "path": "/admin/s/book/read",
    "regexp": "/^\\/admin\\/s\\/book\\/read(?:\\/(?=$))?$/",
    "stack": [
      "wrappedController"
    ]
  },
  {
    "name": null,
    "methods": [
      "POST"
    ],
    "paramNames": [],
    "path": "/admin/s/book/save",
    "regexp": "/^\\/admin\\/s\\/book\\/save(?:\\/(?=$))?$/",
    "stack": [
      "wrappedController"
    ]
  },
  {
    "name": null,
    "methods": [
      "POST"
    ],
    "paramNames": [],
    "path": "/admin/s/book/update",
    "regexp": "/^\\/admin\\/s\\/book\\/update(?:\\/(?=$))?$/",
    "stack": [
      "wrappedController"
    ]
  },
  {
    "name": null,
    "methods": [
      "POST"
    ],
    "paramNames": [],
    "path": "/admin/s/book/updatestatus",
    "regexp": "/^\\/admin\\/s\\/book\\/updatestatus(?:\\/(?=$))?$/",
    "stack": [
      "wrappedController"
    ]
  },
  {
    "name": null,
    "methods": [
      "HEAD",
      "GET"
    ],
    "paramNames": [],
    "path": "/admin/s/book_detail",
    "regexp": "/^\\/admin\\/s\\/book_detail(?:\\/(?=$))?$/",
    "stack": [
      "wrappedController"
    ]
  },
  {
    "name": null,
    "methods": [
      "POST"
    ],
    "paramNames": [],
    "path": "/admin/s/book_detail/save",
    "regexp": "/^\\/admin\\/s\\/book_detail\\/save(?:\\/(?=$))?$/",
    "stack": [
      "wrappedController"
    ]
  },
  {
    "name": null,
    "methods": [
      "POST"
    ],
    "paramNames": [],
    "path": "/admin/s/book_detail/update",
    "regexp": "/^\\/admin\\/s\\/book_detail\\/update(?:\\/(?=$))?$/",
    "stack": [
      "wrappedController"
    ]
  },
  {
    "name": null,
    "methods": [
      "POST"
    ],
    "paramNames": [],
    "path": "/admin/s/book_detail/sort",
    "regexp": "/^\\/admin\\/s\\/book_detail\\/sort(?:\\/(?=$))?$/",
    "stack": [
      "wrappedController"
    ]
  },
  {
    "name": null,
    "methods": [
      "POST"
    ],
    "paramNames": [],
    "path": "/admin/s/book_detail/delete",
    "regexp": "/^\\/admin\\/s\\/book_detail\\/delete(?:\\/(?=$))?$/",
    "stack": [
      "wrappedController"
    ]
  },
  {
    "name": null,
    "methods": [
      "HEAD",
      "GET"
    ],
    "paramNames": [],
    "path": "/admin/s/renovation",
    "regexp": "/^\\/admin\\/s\\/renovation(?:\\/(?=$))?$/",
    "stack": [
      "wrappedController"
    ]
  },
  {
    "name": null,
    "methods": [
      "HEAD",
      "GET"
    ],
    "paramNames": [],
    "path": "/admin/s/renovation/read",
    "regexp": "/^\\/admin\\/s\\/renovation\\/read(?:\\/(?=$))?$/",
    "stack": [
      "wrappedController"
    ]
  },
  {
    "name": null,
    "methods": [
      "POST"
    ],
    "paramNames": [],
    "path": "/admin/s/renovation/save",
    "regexp": "/^\\/admin\\/s\\/renovation\\/save(?:\\/(?=$))?$/",
    "stack": [
      "wrappedController"
    ]
  },
  {
    "name": null,
    "methods": [
      "POST"
    ],
    "paramNames": [],
    "path": "/admin/s/renovation/update",
    "regexp": "/^\\/admin\\/s\\/renovation\\/update(?:\\/(?=$))?$/",
    "stack": [
      "wrappedController"
    ]
  },
  {
    "name": null,
    "methods": [
      "POST"
    ],
    "paramNames": [],
    "path": "/admin/s/renovation/delete",
    "regexp": "/^\\/admin\\/s\\/renovation\\/delete(?:\\/(?=$))?$/",
    "stack": [
      "wrappedController"
    ]
  },
  {
    "name": null,
    "methods": [
      "POST"
    ],
    "paramNames": [],
    "path": "/admin/s/upload",
    "regexp": "/^\\/admin\\/s\\/upload(?:\\/(?=$))?$/",
    "stack": [
      "wrappedController"
    ]
  },
  {
    "name": null,
    "methods": [
      "POST"
    ],
    "paramNames": [],
    "path": "/admin/s/importexcel",
    "regexp": "/^\\/admin\\/s\\/importexcel(?:\\/(?=$))?$/",
    "stack": [
      "wrappedController"
    ]
  }
]